Município [-],Código [-],Gentílico [-],Prefeito [2021],Área Territorial - km² [2020],População estimada - pessoas [2021],Densidade demográfica - hab/km² [2010],Escolarização <span>6 a 14 anos</span> - % [2010],IDHM <span>Índice de desenvolvimento humano municipal</span> [2010],Mortalidade infantil - óbitos por mil nascidos vivos [2019],Receitas realizadas - R$ (×1000) [2017],Despesas empenhadas - R$ (×1000) [2017],PIB per capita - R$ [2018]
Abreu e Lima,2600054,abreu-limense,FLÁVIO VIEIRA GADELHA DE ALBUQUERQUE,"126,384",100698,"748,29","97,2","0,679","6,66","154773,90211","150392,49413","17320,77"
Afogados da Ingazeira,2600104,afogadense,ALESANDRO PALMEIRA DE VASCONCELOS LEITE,"377,696",37546,"92,9","97,3","0,657","8,53","84524,28825","84199,55326","11753,3"
Afrânio,2600203,afraniense,RAFAEL ANTONIO CAVALCANTI,"1490,594",19981,"11,8","98,7","0,588","35,43","48071,21326","46130,64133","8510,74"
Agrestina,2600302,agrestinense,JOSUÉ MENDES DA SILVA,"200,369",25240,"112,58","96,4","0,592","18,46","61063,16654","60315,06588","10300,13"
Água Preta,2600401,água-pretense,NOELINO MAGALHAES OLIVEIRA LYRA,"533,332",37386,"62,05",94,"0,553","9,41","71553,7248","66100,20886","6748,57"
Águas Belas,2600500,águas-belense,LUIZ AROLDO REZENDE DE LIMA,"885,988",43923,"45,41","96,1","0,526","15,63","84026,49512","81990,36581","8140,21"
Alagoinha,2600609,alagoinhense,UILAS LEAL DA SILVA,"216,452",14798,"63,16","96,3","0,599","26,32","37869,57675","34348,50055","9132,16"
Aliança,2600708,aliancense,XISTO LOURENÇO DE FREITAS NETO,"272,773",38408,"137,16",97,"0,604","13,46","74882,94228","78786,39428","8207,74"
Altinho,2600807,altinense,ORLANDO JOSÉ DA SILVA,"450,178",22996,"49,18","96,9","0,598","8,1","41122,6787","43489,6886","7489,78"
Amaraji,2600906,amarajinense,ALINE DE ANDRADE GOUVEIA,"234,956",22910,"93,37","96,6","0,58","7,66","49759,73815","49201,102","9811,16"
Angelim,2601003,angelinense,MARCIO DOUGLAS CAVALCANTI DUARTE,"118,037",11301,"86,43","96,4","0,572","13,99","31575,19313","28332,47878","10702,15"
Araçoiaba,2601052,araçoiabense,CARLOS JOGLI ALBUQUERQUE TAVARES UCHÔA,"96,36",20936,"188,38",97,"0,592","22,01","42647,83708","39742,10425","6877,9"
Araripina,2601102,araripinense,JOSÉ RAIMUNDO PIMENTEL DO ESPÍRITO SANTO,"2037,394",85301,"40,84","95,2","0,602","15,32","161988,93465","154891,63784","12298,15"
Arcoverde,2601201,arcoverdense,MARIA MADALENA SANTOS DE BRITTO,"323,37",75295,"196,05","97,3","0,667","10,2","147298,35801","140070,54537","13647,4"
Barra de Guabiraba,2601300,guabirabense,DIOGO CARLOS DE LIMA SILVA,"120,583",14632,"111,43","93,7","0,577","20,2","34559,27834","33809,47144","9061,75"
Barreiros,2601409,barreirense,CARLOS ARTUR SOARES DE AVELLAR JUNIOR,"233,433",42866,"174,54","94,6","0,586","15,13","88084,64946","98862,16936","9993,08"
Belém de Maria,2601508,belenense,ROLPH EBER CASALE JUNIOR,"75,142",12169,"153,96","98,5","0,578","6,62","29443,89599","27685,46938","6659,84"
Belém do São Francisco,2601607,belenense,GUSTAVO HENRIQUE GRANJA CARIBÉ,"1830,797",20730,"11,06","97,3","0,642","9,87","51511,47673","53037,46969","14678,52"
Belo Jardim,2601706,belo-jardinense,GILVANDRO ESTRELA DE OLIVEIRA,"647,696",76930,"111,83","97,1","0,629","9,76","178709,72434","157963,60349","24720,46"
Betânia,2601805,betaniense,MARIO GOMES FLOR FILHO,"1244,074",12811,"9,65","93,8","0,559","19,74","33228,17382","30390,38364","6933,84"
Bezerros,2601904,bezerrense,MARIA LUCIELLE SILVA LAURENTINO,"492,632",60960,"119,53","95,9","0,606","7,78","111289,24211","124512,98396","11892,04"
Bodocó,2602001,bodocense,OTAVIO AUGUSTO TAVARES PEDROSA CAVALCANTE,"1621,786",38605,"21,75","95,7","0,565","19,23","77842,57636","74404,09274","7300,54"
Bom Conselho,2602100,conselhense,JOAO LUCAS DA SILVA CAVALCANTE,"792,185",48975,"57,44","96,2","0,563","14,56","97387,10765","105775,569","10422,57"
Bom Jardim,2602209,bom-jardinense,JOÃO FRANCISCO DA SILVA NETO,"224,12",40038,"169,49",97,"0,602","13,19","72928,45038","75331,6516","8362,76"
Bonito,2602308,bonitense,GUSTAVO ADOLFO NEVES DE ALBUQUERQUE CÉSAR,"390,107",38101,"94,96","96,7","0,561","6,72","80127,0062","83316,49115","10236,8"
Brejão,2602407,brejonense,ELISABETH BARROS DE SANTANA,"159,786",8981,"55,35","96,3","0,547","11,7","28469,45368","28431,68478","16099,94"
Brejinho,2602506,brejinhense,GILSOMAR BENTO DA COSTA,"106,275",7489,"68,75","98,2","0,574","8,93","25360,88977","21767,43753","7421,27"
Brejo da Madre de Deus,2602605,brejense,ROBERTO ABRAHAM ABRAHAMIAN ASFORA,"762,346",51696,"59,26","95,6","0,562","14,57","93034,245","99285,92713","7467,16"
Buenos Aires,2602704,buenairense,JOSE FABIO DE OLIVEIRA,"93,187",13224,"134,54","97,4","0,593","5,35","31630,67014","28339,49462","7885,59"
Buíque,2602803,buiquense,ARQUIMEDES GUEDES VALENÇA,"1320,87",59448,"39,18","94,7","0,527","12,94","104123,27125","100810,38233","7037,04"
Cabo de Santo Agostinho,2602902,cabense,CLAYTON DA SILVA MARQUES,"445,343",210796,"412,33","96,5","0,686","7,11","824731,45857","597762,02822","47575,16"
Cabrobó,2603009,cabroboense,ELIOENAI DIAS SANTOS FILHO,"1658,616",34778,"18,62","97,6","0,623","3,93","74974,98517","75912,01263","11320,36"
Cachoeirinha,2603108,cachoeirinhense,IVALDO DE ALMEIDA,"179,262",20618,"104,98","95,3","0,579","9,62","45026,0073","37627,88473","10761,58"
Caetés,2603207,caeteense,NIVALDO DA SILVA MARTINS,"294,946",29065,"80,66","92,6","0,522","6,86","60636,9934","57617,63269","17024,13"
Calçado,2603306,calçadense,FRANCISCO EXPEDITO DA PAZ NOGUEIRA,"121,945",10983,"91,23","97,1","0,566",-,"29908,52446","30462,51097","8436,07"
Calumbi,2603405,calumbiense,ERIVALDO JOSE DA SILVA,"179,314",5744,"31,5","95,3","0,571",-,"21225,39354","20122,05327","8734,25"
Camaragibe,2603454,camaragibense,NADEGI ALVES DE QUEIROZ,"51,321",159945,"2818,46","97,4","0,692","14,91","281348,77533","230504,36035","11807,42"
Camocim de São Félix,2603504,camociense ou camocinense,GIORGE DO CARMO BEZERRA,"71,985",19032,"235,99",97,"0,588","4,03","39319,76709","36025,38254","8247,04"
Camutanga,2603603,camutanguense,TALITA CARDOZO FONSECA,"39,116",8592,"217,39","97,9","0,606","16,53","33111,61483","30565,25951","15220,35"
Canhotinho,2603702,canhotinhense,SANDRA REJANE LOPES DE BARROS,"423,168",24743,"57,96","91,8","0,541","15,11","60821,06924","55903,84664","7621,24"
Capoeiras,2603801,capoeirense,LUCINEIDE ALMEIDA REINO,"336,329",20048,"58,26","96,5","0,549","14,55","48393,02108","45999,66013","10614,15"
Carnaíba,2603900,carnaibano,JOSE DE ANCHIETA GOMES PATRIOTA,"427,802",19666,"43,42","96,1","0,583","3,5","46405,34044","41106,30414","7930,56"
Carnaubeira da Penha,2603926,carnaubeirense,ELIZIO SOARES FILHO,"1004,667",13117,"11,73","98,1","0,573","20,08","26786,40047","28037,73757","6125,37"
Carpina,2604007,carpinense,MANUEL SEVERINO DA SILVA,"147,017",85131,"516,51","95,5","0,68","10,81","141304,60327","127645,62762","17467,92"
Caruaru,2604106,caruaruense,RAQUEL TEIXEIRA LYRA LUCENA,"923,15",369343,"342,07","94,9","0,677","9,62","669460,37758","617694,32903","20028,26"
Casinhas,2604155,casinhense,JULIANA BARBOSA DA SILVA AGUIAR,"115,868",14395,"118,81","97,5","0,567","11,3","38794,2892","35000,43381","6628,6"
Catende,2604205,catendense,GRACINA MARIA RAMOS BRAZ DA SILVA,"207,244",43778,"182,49","95,2","0,609","10,82","83649,81248","78662,80028","6734,87"
Cedro,2604304,cedrense,MARLY QUENTAL DA CRUZ,"148,746",11972,"72,45","95,5","0,615","30,3","32206,71799","31746,40266","7556,35"
Chã de Alegria,2604403,alegriense,TARCISIO MASSENA PEREIRA DA SILVA,"48,993",13641,"255,5","97,1","0,604","4,12","29831,12227","28530,09995","11135,31"
Chã Grande,2604502,chã-grandense,DIOGO ALEXANDRE GOMES NETO,"84,848",21929,"237,33","96,7","0,599","19,54","52044,76996","52010,73032","9261,23"
Condado,2604601,condadense,ANTONIO CASSIANO DA SILVA,"89,645",26755,"270,87","97,3","0,602","10,81","53884,35881","51552,309","8460,04"
Correntes,2604700,correntense,HUGO CESAR GOMES GALVAO,"317,793",18327,53,"93,1","0,536","31,67","59372,24123","46522,9739","8255,79"
Cortês,2604809,cortesense,MARIA DE FATIMA CYSNEIROS SAMPAIO BORBA,"101,316",12543,"122,9","97,2","0,568","12,5","45571,82893","44186,08868","9488,45"
Cumaru,2604908,cumaruense,MARIANA MENDES DE MEDEIROS,"292,231",9494,"58,8","98,5","0,572","16,39","33411,61215","32657,95005","8327,21"
Cupira,2605004,cupirense,JOSÉ MARIA LEITE DE MACEDO,"95,155",24237,"221,58","97,3","0,592",25,"49756,97653","45975,09282","10979,96"
Custódia,2605103,custodiense,EMMANUEL FERNANDES DE FREITAS GOIS,"1404,126",37633,"24,11","97,1","0,594","10,85","75387,12176","77919,88426","13498,42"
Dormentes,2605152,dormentense,JOSIMARA CAVALCANTI RODRIGUES YOTSUYA,"1539,052",19246,11,97,"0,589",12,"48921,93775","46111,32514","11599,49"
Escada,2605202,escadense,MARIA JOSE FIDELIS MOURA GOUVEIA,"342,201",69701,"183,07","94,1","0,632","11,49","127669,02451","130317,73074","13976,51"
Exu,2605301,exuense,RAIMUNDO PINTO SARAIVA SOBRINHO,"1336,786",31709,"23,65","95,2","0,576","17,61","69255,83573","66749,3125","8417,2"
Feira Nova,2605400,feira-novense,DANILSON CANDIDO GONZAGA,"107,726",22360,"190,96","97,6","0,6","22,15","46767,08375","47305,73399","8679,6"
Fernando de Noronha,2605459,noronhense,GUILHERME CAVALCANTI DA ROCHA LEITÃO,"18,609",3140,"154,55",100,"0,788","31,25",Não informado,Não informado,"53410,33"
Ferreiros,2605509,ferreirense,JOSE ROBERTO DE OLIVEIRA,"92,516",12216,"127,93","97,9","0,622","20,13","29913,7085","31175,27631","7832,56"
Flores,2605608,florense,MARCONI MARTINS SANTANA,"995,558",22612,"22,27","96,4","0,556","11,15","48602,10997","44775,61414","7515,92"
Floresta,2605707,florestano,ROSANGELA DE MOURA MANIÇOBA NOVAES FERRAZ,"3644,169",33488,"8,04","95,6","0,626","8,25","81562,82575","77441,77491","12865,92"
Frei Miguelinho,2605806,frei-miguelinhense,ADRIANA ALVES ASSUNÇÃO BARBOSA,"212,707",15633,"67,2","95,4","0,576","12,74","31288,02448","29635,70546","7533,5"
Gameleira,2605905,gameleirense,LEANDRO RIBEIRO GOMES DE LIMA,"255,961",31578,"109,05",97,"0,602","18,73","46989,96352","43882,53358","7215,12"
Garanhuns,2606002,garanhuense,SIVALDO RODRIGUES ALBINO,"458,552",141347,"282,21","96,8","0,664","16,75","277111,47317","275853,25084","17565,52"
Glória do Goitá,2606101,gloriense,ADRIANA DORNELAS CAMARA PAES,"234,214",30847,"125,17","98,3","0,604","19,23","58878,48083","54012,45529","14973,38"
Goiana,2606200,goianense,EDUARDO HONÓRIO CARNEIRO,"445,405",80345,"150,72","96,7","0,651","11,34","216636,09379","165127,99205","116122,91"
Granito,2606309,granitense,JOAO BOSCO LACERDA DE ALENCAR,"521,69",7586,"13,13","98,5","0,595",-,"24891,97608","21617,26655","9237,86"
Gravatá,2606408,gravataense,JOSELITO GOMES DA SILVA,"503,946",85309,"150,87","97,2","0,634","10,55","153864,61675","143833,27864","13479,21"
Iati,2606507,iatiense,ANTONIO JOSÉ DE SOUZA,"635,137",19284,"28,91","90,5","0,528","14,81","53244,78215","47887,36045","8458,26"
Ibimirim,2606606,ibimiriense,JOSE WELLITON DE MELO SIQUEIRA,"1906,437",29585,"14,14","93,7","0,552","18,14","58332,51098","53998,58448","8930,46"
Ibirajuba,2606705,ibirajubense,MARIA IZALTA SILVA LOPES GAMA,"189,596",7773,"39,74","96,7","0,58",-,"24177,85009","23561,0659","7834,74"
Igarassu,2606804,igarassuano,ELCIONE DA SILVA RAMOS PEDROZA BARBOSA,"306,879",119690,"333,88","97,9","0,665","5,74","243685,05216","211799,59461","21887,47"
Iguaracy,2606903,iguaraciense,JOSE TORRES LOPES FILHO,"838,132",12265,"14,05","98,7","0,598","15,5","31622,61285","28675,70674","7348,26"
Inajá,2607000,inajaense,MARCELO MACHADO FREIRE,"1168,158",24034,"16,14","84,2","0,523","30,3","41707,25865","42189,47856","7317,46"
Ingazeira,2607109,ingazeirense,LUCIANO TORRES MARTINS,"243,586",4537,"18,45","98,2","0,608",-,"21596,41902","20309,4412","7950,69"
Ipojuca,2607208,ipojuquense ou ipojucanos,CELIA AGOSTINHO LINS DE SALES,"521,801",99101,"152,98","97,3","0,619","6,93","737218,28417","678598,01813","122169,48"
Ipubi,2607307,ipubiense,FRANCISCO RUBENS MARIO CHAVES SIQUEIRA,"693,914",31515,"32,64","95,1","0,55","20,3","67417,40343","62450,21587","9606,75"
Itacuruba,2607406,itacurubense,BERNARDO DE MOURA FERRAZ,"430,038",5013,"10,16","97,5","0,595",-,"30151,53931","23072,58623","11378,85"
Itaíba,2607505,itaibense,MARIA REGINA DA CUNHA,"1061,694",26268,"24,2","93,3","0,51","13,93","60220,16821","61302,74911","8165,67"
Ilha de Itamaracá,2607604,itamaracaense,MOSAR DE MELO BARBOSA FILHO,"66,146",27076,"328,17","97,6","0,653","3,02","64403,2288","60174,32625","9654,89"
Itambé,2607653,itambeense,MARIA DAS GRAÇAS GALLINDO CARRAZZONNI,"304,006",36495,"116,13","94,6","0,575","13,23","70291,93714","66888,41956","11700,74"
Itapetim,2607703,itapetinense,ADELMO ALVES DE MOURA,"404,85",13492,"34,29","97,5","0,592","28,25","39433,05553","36008,45413","7993,96"
Itapissuma,2607752,itapissumense,JOSÉ BEZERRA TENÓRIO FILHO,"73,968",27144,"320,19","97,6","0,633",-,"101908,23862","93302,77712","59212,96"
Itaquitinga,2607802,itaquitinguense,PABLO JOSE DE OLIVEIRA MORAES,"162,739",17056,"151,72","97,3","0,586","21,65","36663,62523","37666,93663","7839,64"
Jaboatão dos Guararapes,2607901,jaboatãoense,ANDERSON FERREIRA RODRIGUES,"258,724",711330,"2491,82","96,8","0,717","11,59","1323478,88101","1100876,65428","19149,92"
Jaqueira,2607950,jaqueirense,RIDETE CELLIBE PELLEGRINO DE MACÊDO OLIVEIRA,"87,208",11632,"131,88","95,4","0,575","18,63","35866,13472","35130,6287","9358,82"
Jataúba,2608008,jataubense,CÁTIA JUNSARA RODRIGUES AQUILINO,"714,601",17305,"23,53","97,6","0,53",12,"41809,36644","38230,7731","7303,47"
Jatobá,2608057,jatobaense,ROGÉRIO FERREIRA GOMES DA SILVA,"277,862",14904,"50,25","97,7","0,645","4,72","32461,79465","31402,67428","8482,07"
João Alfredo,2608107,alfredense,JOSÉ ANTONIO MARTINS DA SILVA,"134,147",33570,"227,52","97,1","0,576","15,58","66699,02515","63008,48986","8701,73"
Joaquim Nabuco,2608206,nabuquense,ANTONIO RAIMUNDO BARRETO NETO,"121,901",15999,"129,39","95,5","0,554","4,95","43150,35159","36871,26036","11434,31"
Jucati,2608255,jucatiense,JOSÉ EDNALDO PEIXOTO DE LIMA,"120,604",11545,"87,92",98,"0,55","10,05","33018,70428","31815,72823","8839,64"
Jupi,2608305,jupiense,ANTONIO MARCOS PATRIOTA,"104,994",15007,"130,53","96,3","0,575","21,66","54385,17689","44696,94667","10545,02"
Jurema,2608404,juremense,EDVALDO MARCOS RAMOS FERREIRA,"148,254",15483,"98,08",96,"0,509","14,35","40801,90147","48971,7998","6799,45"
Lagoa do Carro,2608453,lagoense do carro,JUDITE MARIA BOTAFOGO SANTANA DA SILVA,"69,666",18429,"229,77","97,8","0,609","12,93","40620,11942","44392,31249","13842,02"
Lagoa de Itaenga,2608503,itaenguense,MARIA DAS GRAÇAS DE ARRUDA SILVA,"56,131",21490,"360,65","98,9","0,602","16,23","45404,32059","48113,14103","14993,15"
Lagoa do Ouro,2608602,lagoa-do-ourense,EDSON LOPES CAVALCANTE,"198,762",13300,"61,04","96,5","0,525","11,63","39831,3521","37977,19886","8857,97"
Lagoa dos Gatos,2608701,lagoense,STÊNIO FERNANDES DE ALBUQUERQUE,"224,947",16345,"70,06","96,5","0,551",20,"33537,57979","31806,98877","8624,5"
Lagoa Grande,2608750,lagoa-grandense,VILMAR CAPPELLARO,"1850,07",26090,"12,31","96,3","0,597","7,75","61703,61177","52163,05827","12656,35"
Lajedo,2608800,lajedense,ADELMO DUARTE RIBEIRO,"189,096",40883,"193,7","97,9","0,611","13,8","90652,74929","84314,95585","11169,67"
Limoeiro,2608909,limoeirense,ORLANDO JORGE PEREIRA DE ANDRADE LIMA,"273,733",56149,"202,53",98,"0,663","10,77","106698,53232","146092,39064","13784,48"
Macaparana,2609006,macaparanense,PAULO BARBOSA DA SILVA,"108,049",25565,"221,43","97,9","0,609","16,67","53982,43522","55143,29435","9447,74"
Machados,2609105,machadense,JUAREZ RODRIGUES FERNANDES,"60,036",16549,"226,46","82,9","0,578","9,76","35035,57593","33552,6974","13380,62"
Manari,2609154,manariense,AUDALIO MARTINS DA SILVA JUNIOR,"344,725",22110,"47,56","93,4","0,487","14,81","47410,42905","46374,18875","5793,6"
Maraial,2609204,maraialense,SERGIO DA SILVA,"199,865",11098,"61,19","94,1","0,534","8,97","39732,20988","31597,95177","7628,78"
Mirandiba,2609303,mirandibense,ROSE CLÉA MAXIMO DE CARVALHO SÁ,"821,676",15548,"17,41","95,8","0,591","7,69","36929,46986","35416,67758","9878,16"
Moreno,2609402,morenense,EDMILSON CUPERTINO DE ALMEIDA,"196,073",63792,"289,16","95,8","0,652","15,71","107822,13706","97886,55647","10566,28"
Nazaré da Mata,2609501,nazareno,INACIO MANOEL DO NASCIMENTO,"130,572",32673,"204,95","96,1","0,662","7,44","54902,21008","57721,77206","16319,32"
Olinda,2609600,olindense,LUPERCIO CARLOS DO NASCIMENTO,"41,3",393734,"9063,58","96,9","0,735","10,46","627292,10974","564477,78381","14122,98"
Orobó,2609709,orobense,SEVERINO LUIZ PEREIRA DE ABREU,"138,662",23985,"164,99","97,2","0,61","15,09","58679,56725","54181,76825","13496,22"
Orocó,2609808,orocoense,GEORGE GUEBER CAVALCANTE NERY,"554,76",15309,"23,76",98,"0,61","17,36","41517,08637","37866,03175",11719
Ouricuri,2609907,ouricuriense,FRANCISCO RICARDO SOARES RAMOS,"2381,57",70466,"26,56","92,4","0,572","21,66","121124,38129","135072,44205","9671,52"
Palmares,2610004,palmarense,JOSÉ BARTOLOMEU DE ALMEIDA MELO JUNIOR,"339,291",63745,"175,44","96,3","0,622","8,38","129657,239","135059,73673","12704,44"
Palmeirina,2610103,palmeirinense,MARCELO NEVES DE LIMA,"168,796",7509,"51,82",94,"0,549",-,"23736,61602","26810,3834","8822,41"
Panelas,2610202,panelense,RUBEN DE LIMA BARBOSA,"380,428",26438,"69,14","98,6","0,569","18,52","82808,45869","71270,31865","7178,15"
Paranatama,2610301,paranatamense,JOSE VALMIR PIMENTEL DE GOIS,"185,371",11608,"47,65","97,9","0,537","9,95","38048,98726","36511,75982","24880,06"
Parnamirim,2610400,parnamirinense,FERDINANDO LIMA DE CARVALHO,"2609,548",22198,"7,79",97,"0,599","6,58","49859,83068","46505,80731","7616,25"
Passira,2610509,passirense,SEVERINO SILVESTRE DE ALBUQUERQUE,"326,758",28856,"87,61","95,9","0,592","10,64","60396,72672","63869,93836","7751,02"
Paudalho,2610608,paudalhense,MARCELLO FUCHS CAMPOS GOUVEIA,"269,651",57346,"185,06","96,7","0,639","8,48","99429,96497","90579,71753","14223,39"
Paulista,2610707,paulistano,YVES RIBEIRO DE ALBUQUERQUE,"96,932",336919,"3087,66","97,9","0,732","10,43","501021,00628","457524,10481","12731,32"
Pedra,2610806,pedrense,GILBERTO JÚNIOR WANDERLEY VAZ,"921,477",22716,"26,08",92,"0,567","9,12","48119,19458","48181,38936","11037,24"
Pesqueira,2610905,pesqueirense,MARIA JOSE CASTRO TENORIO,"980,876",68067,"63,21","97,4","0,61","13,96","117501,81215","107174,11434","10269,85"
Petrolândia,2611002,petrolandense,FABIANO JAQUES MARQUES,"1056,592",37246,"30,75",96,"0,623","7,12","80548,29077","77134,21193","36751,1"
Petrolina,2611101,petrolinense,MIGUEL DE SOUZA LEÃO COELHO,"4561,87",359372,"64,44",97,"0,697","18,07","669779,17576","604499,95462","19445,59"
Poção,2611200,poçãoense,EMERSON CORDEIRO VASCONCELOS,"204,329",11308,"45,56",97,"0,528","43,17","29218,3409","26962,35066","7433,25"
Pombos,2611309,pomboense,MANOEL MARCOS ALVES FERREIRA,"239,876",27204,"118,35",95,"0,598","4,87","57179,34587","57045,16544","13530,65"
Primavera,2611408,primaverense,DAYSE JULIANA DOS SANTOS,"113,112",15231,"121,97","96,7","0,58",-,"32800,34927","31447,23829","10731,75"
Quipapá,2611507,quipapaense,ALVARO PORTO DE BARROS FILHO,"230,617",26309,"104,88","97,2","0,552","17,86","58125,87157","58430,73616","6944,35"
Quixaba,2611533,quixabense,JOSÉ PEREIRA NUNES,"210,705",6796,"31,98","99,2","0,577","19,05","26460,00167","23119,64656","7773,86"
Recife,2611606,recifense,JOAO HENRIQUE DE ANDRADE LIMA CAMPOS,"218,843",1661017,"7039,64","97,1","0,772","11,5","4863813,57332","4359406,34804","31994,38"
Riacho das Almas,2611705,riachense,DIOCLÉCIO ROSENDO DE LIMA FILHO,"314,003",20744,"61,02","93,4","0,57","3,23","52372,07858","49074,57391","8886,07"
Ribeirão,2611804,ribeirãoense,MARCELLO CAVALCANTI DE PETRIBU DE ALBUQUERQUE MARANHAO,"289,733",47813,"154,35","92,9","0,602","16,88","82797,04627","78496,23751","9503,44"
Rio Formoso,2611903,rio-formosense,ISABEL CRISTINA ARAUJO HACKER,"227,458",23719,"97,39","89,5","0,613","12,23","60428,06973","53244,00166","11369,56"
Sairé,2612000,saireense,GILDO PONTES DE ARRUDA,"190,455",9600,"59,36","97,7","0,585",-,"27782,41166","28166,09398","12411,83"
Salgadinho,2612109,salgadinense,JOSE SOARES DA FONSECA,"87,217",11214,"106,77","87,6","0,534","14,93","25270,5575","23794,1108","6268,19"
Salgueiro,2612208,salgueirense,MARCONES LIBÓRIO DE SÁ,"1678,564",61561,"33,57","96,7","0,669","11,52","123973,69438","112548,31356","14172,63"
Saloá,2612307,saloaense,RIVALDO ALVES DE SOUZA JUNIOR,"251,549",15880,"60,73","97,4","0,559","10,58","41419,13746","44581,87821","8036,97"
Sanharó,2612406,sanharoense,CESAR AUGUSTO DE FREITAS,"268,686",27308,"81,71","93,2","0,603","28,07","45919,49208","43659,19379","7652,79"
Santa Cruz,2612455,santacruzense,ELIANE MARIA DA SILVA SOARES,"1245,983",15713,"10,82","97,5","0,549",20,"38314,62005","34281,28358","7137,75"
Santa Cruz da Baixa Verde,2612471,santacruzense,JOSE IRLANDO DE SOUZA LIMA,"114,932",12708,"102,39","97,8","0,612","14,71","33046,6343","31848,76407","7231,3"
Santa Cruz do Capibaribe,2612505,santa-cruzense,FÁBIO QUEIROZ ARAGÃO,"335,309",111812,"261,2","95,7","0,648","6,64","171093,0329","157045,0838","14271,52"
Santa Filomena,2612554,filomense,PEDRO GILDEVAN COELHO MELO,"1005,341",14645,"13,3",97,"0,533","15,23","38229,65699","31283,89338","6809,16"
Santa Maria da Boa Vista,2612604,Boavistano,GEORGE RODRIGUES DUARTE,"3000,774",42266,"13,14","97,4","0,59","15,49","111225,08365","87340,57363","15806,8"
Santa Maria do Cambucá,2612703,santa-mariense,NELSON SEBASTIAO DE LIMA,"92,148",14308,"141,31","96,4","0,548","13,95","30854,90134","30389,53873","7300,42"
Santa Terezinha,2612802,santa-terezinhense,ADEILSON LUSTOSA DA SILVA,"200,327",11914,"56,2","97,8","0,593","14,29","29395,25562","29130,4728","7302,39"
São Benedito do Sul,2612901,são-beneditense,CLAUDIO JOSE GOMES DE AMORIM JUNIOR,"160,477",16239,"86,87","83,7","0,53","6,94","32839,95674","28713,69656","6147,44"
São Bento do Una,2613008,são-bentense,PEDRO ALEXANDRE MEDEIROS DE SOUZA,"719,148",60567,"74,03",93,"0,593","22,79","117545,24283","93583,40378","18409,77"
São Caitano,2613107,são-caitanense,JOSAFA ALMEIDA LIMA,"382,483",37488,"92,23","97,2","0,591","18,52","65800,72051","56621,96159","9628,38"
São João,2613206,são-joanense,JOSE WILSON FERREIRA DE LIMA,"258,334",23002,"82,5","96,3","0,57","8,47","55297,47295","50985,04308","9912,62"
São Joaquim do Monte,2613305,são-joaquinense,EDUARDO JOSÉ DE OLIVEIRA LINS,"232,07",21439,"88,39","94,2","0,537",-,"50888,58426","49066,54777","7524,49"
São José da Coroa Grande,2613404,são-josé-coroa-grandense,JAZIEL GONSALVES LAGES,"69,184",21868,"262,19","95,8","0,608","3,31","50301,54464","47248,60275","11039,76"
São José do Belmonte,2613503,belmontense,FRANCISCO ROMONILSON MARIANO DE MOURA,"1474,086",34082,"22,13","96,2","0,61","25,34","64494,89618","62959,79589","8008,13"
São José do Egito,2613602,egipsiense,EVANDRO PERAZZO VALADARES,"780,852",34210,"39,84","98,9","0,635","4,81","73405,26229","72014,14856","11370,75"
São Lourenço da Mata,2613701,são-lourensense,VINÍCIUS LABANCA,"264,19",114910,"392,57","97,1","0,653","9,55","163986,12606","135811,65749","10511,85"
São Vicente Férrer,2613800,são-vicentino,MARCONE VICENTE DOS SANTOS,"113,985",18150,"149,14","95,2","0,549","15,33","45895,15197","44805,03463","11866,54"
Serra Talhada,2613909,serra-talhadense,MÁRCIA CONRADO DE LORENA E SÁ,"2980,007",87467,"26,59","96,7","0,661","13,11","193463,69766","185581,59534","16007,65"
Serrita,2614006,serritense,SEBASTIAO BENEDITO DOS SANTOS,"1535,19",19226,"11,92","98,1","0,595",-,"49139,0361","48298,98624",7038
Sertânia,2614105,sertaniense,ÂNGELO RAFAEL FERREIRA DOS SANTOS,"2421,527",36189,"13,95","94,6","0,613","18,96","76416,70195","67487,93013","13764,78"
Sirinhaém,2614204,sirinhaense ou sirinhadoara,CAMILA MACHADO LEOCADIO LINS DOS SANTOS,"374,321",46845,"107,57","94,1","0,597","13,91","93842,43833","84293,05007","10824,5"
Moreilândia,2614303,moreirense,VICENTE TEIXEIRA SAMPAIO NETO,"404,287",11269,"27,52","96,8","0,6","31,45","32639,96161","33534,79318","7259,99"
Solidão,2614402,solidanense,DJALMA ALVES DE SOUZA,"138,398",6034,"41,5","96,9","0,585","24,39","22765,32282","19023,23919","7336,9"
Surubim,2614501,surubinense,ANA CÉLIA CABRAL DE FARIAS,"252,896",66192,"231,42","97,8","0,635","12,51","110620,90318","108333,5446","11683,83"
Tabira,2614600,tabirense,MARIA CLAUDENICE PEREIRA DE MELO CRISTOVAO,"390,434",28860,"68,11","97,2","0,605","10,78","54035,70347","53162,95659","9351,99"
Tacaimbó,2614709,tacaimboense,ALVARO ALCANTARA MARQUES DA SILVA,"227,601",12843,"55,91","94,4","0,554","17,05","28542,71907","25822,94591","12610,99"
Tacaratu,2614808,tacaratuense,WASHINGTON ANGELO DE ARAUJO,"1264,532",26439,"17,45","96,3","0,573","18,93","51205,88989","55955,89521","6818,94"
Tamandaré,2614857,tamandareense,ISAIAS HONORATO DA SILVA MARQUES,"213,75",23852,"96,66","95,5","0,593","11,74","65049,79581","62477,66377","12486,08"
Taquaritinga do Norte,2615003,taquaritinguense,IVANILDO MESTRE BEZERRA,"475,184",29472,"52,41","96,2","0,641","13,89","50818,96774","49121,45215","9871,23"
Terezinha,2615102,terezinhense,MATHEUS EMIDIO DE BARROS CALADO,"151,45",7227,"44,48","95,7","0,545","37,31","21604,02366","19867,65921","8646,15"
Terra Nova,2615201,terra-novense,ALINE CLEANNE FILGUEIRA FREIRE DE CARVALHO,"318,709",10314,"28,95","98,2","0,599",-,"27518,08336","23823,40346","6866,55"
Timbaúba,2615300,timbaubense,MARINALDO ROSENDO DE ALBUQUERQUE,"287,683",52587,"184,63","97,7","0,618","7,46","112343,98832","105483,28235","13378,85"
Toritama,2615409,toritamense,EDILSON TAVARES DE LIMA,"25,704",47088,"1383,21","91,5","0,618","7,1","83083,63642","76623,86499","14800,44"
Tracunhaém,2615508,tracunhaense,ALUIZIO XAVIER DA SILVA,"137,321",13856,"110,27",97,"0,605","10,7","30182,22942","27117,60582","8596,93"
Trindade,2615607,trindadense,HELBE DA SILVA RODRIGUES NASCIMENTO,"295,765",31103,"113,77","97,9","0,595","21,05","70901,81336","71749,18902","10451,1"
Triunfo,2615706,triunfense,LUCIANO FERNANDO DE SOUSA,"191,518",15232,"78,35","98,4","0,67","5,24","40748,33901","42441,73743","9305,72"
Tupanatinga,2615805,tupanatinguense,SEVERINO SOARES DOS SANTOS,"950,474",27793,"25,7",96,"0,519","25,94","58318,85729","54689,03625","6882,65"
Tuparetama,2615904,tuparetamense,DOMINGOS SÁVIO DA COSTA TORRES,"189,509",8266,"44,38","98,6","0,634","32,52","24446,26538","23864,86133","9611,67"
Venturosa,2616001,venturosense,EUDES TENORIO CAVALCANTI,"335,482",18835,"50,05","97,5","0,592","3,5","44512,02903","40869,5109","11783,13"
Verdejante,2616100,verdejantense,HAROLDO SILVA TAVARES,"476,039",9572,"19,2",95,"0,605","14,71","26578,73918","31719,74387","7186,55"
Vertente do Lério,2616183,vertentense do lério,RENATO LIMA DE SALES,"73,631",7526,"106,93","96,7","0,563",-,"24038,25447","22271,32297","7829,31"
Vertentes,2616209,vertentense,ROMERO LEAL FERREIRA,"196,325",21172,"92,82","94,1","0,582","13,79","51439,44604","38326,18208","7806,45"
Vicência,2616308,vicenciense,GUILHERME DE ALBUQUERQUE MELO NUNES,"228,017",32897,"134,78","95,6","0,605","12,92","80651,40542","67622,02953","10631,56"
Vitória de Santo Antão,2616407,vitoriense,PAULO ROBERTO LEITE DE ARRUDA,"335,942",140389,"348,8","96,9","0,64","12,1","299853,94132","243670,30247","26964,56"
Xexéu,2616506,xexeuense,THIAGO GONÇALVES DE LIMA,"110,815",14789,"127,18",95,"0,552",-,"40117,31428","38369,64097","8422,31"
,,,,,,,,,,,,
,,,,,,,,,,,,
Notas:,,,,,,,,,,,,
Escolarização 6 a 14 anos : [população residente no município de 6 a 14 anos de idade matriculada no ensino regular/total de população residente no município de 6 a 14 anos de idade] x 100,,,,,,,,,,,,
População estimada: MOD_QUICK_FACTS_NOTA_POPESTIMADA_MUNICIPIO,,,,,,,,,,,,
Fontes:,,,,,,,,,,,,
"Área Territorial: Área territorial brasileira 2020. Rio de Janeiro: IBGE, 2021",,,,,,,,,,,,
"População estimada: IBGE, Diretoria de Pesquisas, Coordenação de População e Indicadores Sociais, Estimativas da população residente com data de referência 1o de julho de 2020",,,,,,,,,,,,
"Densidade demográfica: IBGE, Censo Demográfico 2010, Área territorial brasileira. Rio de Janeiro: IBGE, 2011",,,,,,,,,,,,
"Escolarização 6 a 14 anos : IBGE, Censo Demográfico 2010",,,,,,,,,,,,
IDHM Índice de desenvolvimento humano municipal : Programa das Nações Unidas para o Desenvolvimento - PNUD,,,,,,,,,,,,
"Mortalidade infantil: Ministério da Saúde, Departamento de Informática do Sistema Único de Saúde - DATASUS 2017",,,,,,,,,,,,
"Receitas realizadas: Contas anuais. Receitas orçamentárias realizadas (Anexo I-C) 2017 e Despesas orçamentárias empenhadas (Anexo I-D) 2017. In: Brasil. Secretaria do Tesouro Nacional, Siconfi: Sistema de Informações Contábeis e Fiscais do Setor Público Brasileiro. Brasília, DF, [2018]. Disponível em: https://siconfi.tesouro.gov.br/siconfi/pages/public/consulta_finbra/finbra_list.jsf. Acesso em: set. 2018",,,,,,,,,,,,
"Despesas empenhadas: Contas anuais. Receitas orçamentárias realizadas (Anexo I-C) 2017 e Despesas orçamentárias empenhadas (Anexo I-D) 2017. In: Brasil. Secretaria do Tesouro Nacional, Siconfi: Sistema de Informações Contábeis e Fiscais do Setor Público Brasileiro. Brasília, DF, [2018]. Disponível em: https://siconfi.tesouro.gov.br/siconfi/pages/public/consulta_finbra/finbra_list.jsf. Acesso em: set. 2018",,,,,,,,,,,,
"PIB per capita: IBGE, em parceria com os Órgãos Estaduais de Estatística, Secretarias Estaduais de Governo e Superintendência da Zona Franca de Manaus - SUFRAMA",,,,,,,,,,,,
